﻿[
  {
    "id": 1,
    "name": "Test Customer1",
    "address": {
      "street": "222 Valley Creek Blvd.",
      "city": "Exton",
      "state": "PA",
      "zip": "19431"
    }
  },
  {
    "id": 2,
    "name": "Test Customer2",
    "address": {
      "street": "111 Old St.",
      "city": "Exton",
      "state": "PA",
      "zip": "19431"
    }
  },
  {
    "id": 3,
    "name": "Test Customer3",
    "address": {
      "street": "222 New St.",
      "city": "Exton",
      "state": "PA",
      "zip": "19431"
    }
  }
]
