<?xml version="1.0"?>
<doc>
    <assembly>
        <name>CovidData_API</name>
    </assembly>
    <members>
        <member name="T:CovidData_API.ActionFilters.ValidationFilterAttribute">
            <summary>
            Used to check if the ModelState (object passed to the API) is valid.
            For more information look at https://docs.microsoft.com/en-us/aspnet/web-api/overview/formats-and-model-binding/model-validation-in-aspnet-web-api
            </summary>
        </member>
        <member name="M:CovidData_API.ActionFilters.ValidationFilterAttribute.OnActionExecuting(Microsoft.AspNetCore.Mvc.Filters.ActionExecutingContext)">
            <summary>
            Like name suggests, called when action is being executed.  This is where we check if the ModelState is valid. 
            </summary>
            <param name="context"></param>
        </member>
        <member name="M:CovidData_API.ActionFilters.ValidationFilterAttribute.OnActionExecuted(Microsoft.AspNetCore.Mvc.Filters.ActionExecutedContext)">
            <summary>
            Not used in this example, but can be used to perform actions after action was executed.
            </summary>
            <param name="context"></param>
        </member>
        <member name="T:CovidData_API.Contracts.IGetCovidDataRepository">
            <summary>
            Get Covid Data
            </summary>
            <remarks>
            Your project will have a class that inherits from this interface in the Repositories directory, so you need to make sure both are in sync.
            </remarks>
        </member>
        <member name="M:CovidData_API.Contracts.IGetCovidDataRepository.GetCovidData(System.String,System.String,System.String)">
            <summary>
            Gets Covid Data 
            </summary>
            <returns>
            All Covid Data
            </returns>
        </member>
        <member name="T:CovidData_API.Contracts.IGetDailyReportRepository">
            <summary>
            Get Covid Daily Report
            </summary>
            <remarks>
            Your project will have a class that inherits from this interface in the Repositories directory, so you need to make sure both are in sync.
            </remarks>
        </member>
        <member name="M:CovidData_API.Contracts.IGetDailyReportRepository.GetDailyReport(System.String,System.String,System.String)">
            <summary>
            Gets Covid Daily Report
            </summary>
            <returns>
            All Covid Data
            </returns>
        </member>
        <member name="T:CovidData_API.Contracts.IGetGrowthRateRepository">
            <summary>
            Get Covid Daily GetGrowthRate
            </summary>
            <remarks>
            Your project will have a class that inherits from this interface in the Repositories directory, so you need to make sure both are in sync.
            </remarks>
        </member>
        <member name="M:CovidData_API.Contracts.IGetGrowthRateRepository.GetGrowthRate(System.String,System.String,System.String)">
            <summary>
            Gets Covid Daily GrowthRate
            </summary>
            <returns>
            All Covid Data
            </returns>
        </member>
        <member name="T:CovidData_API.Controllers.GetCovidDataController">
            <summary>
            </summary>
        </member>
        <member name="M:CovidData_API.Controllers.GetCovidDataController.#ctor(CovidData_API.Contracts.IGetCovidDataRepository)">
            <summary>
            Constructor that creates an instance of the API interface.
            </summary>
        </member>
        <member name="M:CovidData_API.Controllers.GetCovidDataController.GetCovidData(System.String,System.String,System.String)">
            <summary>
            Gets a Daily report on the number of cases, Max case with Date, Min Cases with Date and Avg. number of cases during the time period
            Input Params - County, State, DateRange. Example - Baldwin, Alabama, 5/1/2020-5/2/2020
            Note: A City name may be provided for the param "County". Application will lookup the appropriate county name.
            </summary>
            <param name="County/City/City"></param>
            <param name="State"></param>
            <param name="DateRange"></param>
            <returns></returns>
        </member>
        <member name="T:CovidData_API.Controllers.GetDailyReportController">
            <summary>
            </summary>
        </member>
        <member name="M:CovidData_API.Controllers.GetDailyReportController.#ctor(CovidData_API.Contracts.IGetDailyReportRepository)">
            <summary>
            Constructor that creates an instance of the API interface.
            </summary>
        </member>
        <member name="M:CovidData_API.Controllers.GetDailyReportController.GetDailyReport(System.String,System.String,System.String)">
            <summary>
            Gets a Daily report on total number of cases per day along with the increase/decrease number per day.
            Input Params - County, State, DateRange. Example - Baldwin, Alabama, 5/1/2020-5/2/2020
            Note: A City name may be provided for the param "County". Application will lookup the appropriate county name.
            </summary>
            <param name="County"></param>
            /// <param name="State"></param>
            <param name="DateRange"></param>
            <returns></returns>
        </member>
        <member name="T:CovidData_API.Controllers.GetGrowthRateController">
            <summary>
            </summary>
        </member>
        <member name="M:CovidData_API.Controllers.GetGrowthRateController.#ctor(CovidData_API.Contracts.IGetGrowthRateRepository)">
            <summary>
            Constructor that creates an instance of the API interface.
            </summary>
        </member>
        <member name="M:CovidData_API.Controllers.GetGrowthRateController.GetGrowthRate(System.String,System.String,System.String)">
            <summary>
            Gets a report on the number of cases in a location and the growth percent. Input Params - County, State, DateRange. 
            Example - Baldwin, Alabama, 5/1/2020-5/2/2020
            Note: A City name may be provided for the param "County". Application will lookup the appropriate county name.
            </summary>
            <param name="County"></param>
            /// <param name="State"></param>
            <param name="DateRange"></param>
            <returns></returns>
        </member>
        <member name="T:CovidData_API.Models.DailyReportResponse">
            <summary>
            Model for expected Daily Report.
            </summary>
        </member>
        <member name="T:CovidData_API.Models.DailyBreakdownData">
            <summary>
            DailyBreakdownData
            </summary>
        </member>
        <member name="T:CovidData_API.Models.GrowthReportResponse">
            <summary>
            GrowthReport Model
            </summary>
        </member>
        <member name="T:CovidData_API.Models.GrowthReportResponseItems">
            <summary>
            GrowthReport items
            </summary>
        </member>
        <member name="T:CovidData_API.Models.IVResponse">
            <summary>
            Model for expected IVResponse.
            </summary>
        </member>
        <member name="T:CovidData_API.Repositories.GetCovidDataRepository">
            <summary>
            This is the main class 
            </summary>
        </member>
        <member name="M:CovidData_API.Repositories.GetCovidDataRepository.#ctor(Microsoft.Extensions.Configuration.IConfiguration)">
            <summary>
            This is the constructor for the GetCovidDataRepository.
            </summary>
            <param name="config">The config (appsettings.json) is being injected at the time of creation.</param>
        </member>
        <member name="M:CovidData_API.Repositories.GetCovidDataRepository.GetCovidData(System.String,System.String,System.String)">
            <summary>
            Retrieve Covid Data
            </summary>
            <param name="County"></param>
            <param name="State"></param>
            <param name="DateRange"></param>
            <returns>IVResponse</returns>
        </member>
        <member name="T:CovidData_API.Repositories.GetDailyReportRepository">
            <summary>
            This is the main class 
            </summary>
        </member>
        <member name="M:CovidData_API.Repositories.GetDailyReportRepository.#ctor(Microsoft.Extensions.Configuration.IConfiguration)">
            <summary>
            This is the constructor for the GetDailyReportRepository.
            </summary>
            <param name="config">The config (appsettings.json) is being injected at the time of creation.</param>
        </member>
        <member name="M:CovidData_API.Repositories.GetDailyReportRepository.GetDailyReport(System.String,System.String,System.String)">
            <summary>
            Retrieve Covid Data
            </summary>
            <param name="County"></param>
            /// <param name="State"></param>
            /// <param name="DateRange"></param>
            <returns>IVResponse</returns>
        </member>
        <member name="T:CovidData_API.Repositories.GetGrowthRateRepository">
            <summary>
            This is the main class 
            </summary>
        </member>
        <member name="M:CovidData_API.Repositories.GetGrowthRateRepository.#ctor(Microsoft.Extensions.Configuration.IConfiguration)">
            <summary>
            This is the constructor for the GetGrowthRateRepository.
            </summary>
            <param name="config">The config (appsettings.json) is being injected at the time of creation.</param>
        </member>
        <member name="M:CovidData_API.Repositories.GetGrowthRateRepository.GetGrowthRate(System.String,System.String,System.String)">
            <summary>
            Retrieve Covid Data
            </summary>
            <param name="County"></param>
            /// <param name="State"></param>
            /// <param name="DateRange"></param>
            <returns>IVResponse</returns>
        </member>
        <member name="T:CovidData_API.Utilities.Utility">
            <summary>
            This is a Utility class for common functions
            </summary>
        </member>
        <member name="M:CovidData_API.Utilities.Utility.GetCSV(System.String)">
            <summary>
            Common utility method to read all csv data and return a List object
            </summary>
            <param name="url"></param>
            <returns></returns>
        </member>
        <member name="M:CovidData_API.Utilities.Utility.GetKeyFromSettings(Microsoft.Extensions.Configuration.IConfiguration,System.String)">
            <summary>
            GetKeyFromSettings pulls the value of a key from the <c>Config</c> 
            </summary>
            <param name="Config">Configuration object</param>
            <param name="keyName">The name of the key to read from appSettings.json.</param>
            <returns>The value of keyName.</returns>
        </member>
        <member name="M:CovidData_API.Utilities.Utility.GetCountyInfo(Microsoft.Extensions.Configuration.IConfiguration,System.String,System.String)">
            <summary>
            Function to retrieve County,State info from a thirdparty API
            </summary>
            <param name="City"></param>
            <param name="State"></param>
            <returns></returns>
        </member>
        <member name="T:InternalItems.Controllers.ErrorsController">
            <summary>
            Error controller class that will handle returning our standard error message when accessing a URI that doesnt exist.
            !!!SHOULD NOT NEED TO EDIT THIS!!!
            </summary>
        </member>
        <member name="M:InternalItems.Controllers.ErrorsController.Error(System.Int32)">
            <summary>
            The action that actually sends the resulting error back.
            </summary>
        </member>
    </members>
</doc>
